id;record_key;file_size;file_name;page_cnt;file_date;file_path;md_5_hash
1;Steel;31497;out-of-the-box Frozen;36625;2021-11-27T08:06:44;4th eyeballs;PCI Bike drive
2;Loan;92662;orchid B2B Fiji;10854;2021-11-27T01:34:23;parsing;Generic Account Reunion
3;e-enable;85660;neutral JSON;55002;2021-11-27T08:57:37;withdrawal;XML Isle Buckinghamshire
4;maroon Games dynamic;34155;Virtual Delaware;82851;2021-11-27T03:55:33;HTTP;Garden Intranet
5;Awesome Ohio;99881;Operations Investment;90310;2021-11-27T18:28:44;maximized payment pixel;Salad Franc Directives
6;Metal China Corporate;69675;Loan;73367;2021-11-27T12:52:08;Pennsylvania copying;visualize
7;Korea Avon Facilitator;56082;Wooden Clothing;7347;2021-11-27T20:51:09;mint distributed;blue withdrawal
8;Fuerte;92969;Metal New Car;77623;2021-11-27T06:01:42;Handmade Account Rue;payment Configurable systemic
9;Iowa Generic;98484;Alabama;68090;2021-11-27T05:15:38;Program Berkshire;Operations
10;Fresh;44781;Account partnerships impactful;86552;2021-11-27T03:26:41;Cotton Loan;schemas
